Polish_name,Gmina,County,Voivodeship,German_name,Poland,Polish_name_clean,German_name_clean
Babimost,Babimost,Zielona Góra,Lubusz Voivodeship,Bomst,152,BABIMOST,BOMST
Barciany,Barciany,Kętrzyn,Warmian-Masurian Voivodeship,Barten,152,BARCIANY,BARTEN
Barczewo,Barczewo,Olsztyn,Warmian-Masurian Voivodeship,Wartenburg,152,BARCZEWO,WARTENBURG
Barlinek,Barlinek,Myślibórz,West Pomeranian Voivodeship,Berlinchen,152,BARLINEK,BERLINCHEN
Bartoszyce,,Bartoszyce,Warmian-Masurian Voivodeship,Bartenstein,152,BARTOSZYCE,BARTENSTEIN
Barwice,Barwice,Szczecinek,West Pomeranian Voivodeship,Bärwalde,152,BARWICE,BARWALDE
"Biała, Opole Voivodeship",Biała,Prudnik,Opole Voivodeship,Zülz,152,BIALA,ZULZ
Biała Piska,Biała Piska,Pisz,Warmian-Masurian Voivodeship,Bialla,152,BIALA PISKA,BIALLA
Biała Piska,Biała Piska,Pisz,Warmian-Masurian Voivodeship,Gehlenburg[a],152,BIALA PISKA,GEHLENBURG
Białogard,,Białogard,West Pomeranian Voivodeship,Belgard,152,BIALOGARD,BELGARD
Biały Bór,Biały Bór,Szczecinek,West Pomeranian Voivodeship,Baldenburg,152,BIALY BOR,BALDENBURG
"Biecz, Lubusz Voivodeship",Brody,Żary,Lubusz Voivodeship,Biet(z)sch,152,BIECZ,BIET(Z)SCH
Bielawa,,Dzierżoniów,Lower Silesian Voivodeship,Langenbielau,152,BIELAWA,LANGENBIELAU
Bielsko,,,,Bielitz[b],152,BIELSKO,BIELITZ
Bierutów,Bierutów,Oleśnica,Lower Silesian Voivodeship,Bernstadt an der Weide,152,BIERUTOW,BERNSTADT AN DER WEIDE
Bieżyce,Gubin,Krosno Odrzańskie,Lubusz Voivodeship,Groß Bösitz,152,BIEZYCE,GROSS BOSITZ
Biskupiec,Biskupiec,Olsztyn,Warmian-Masurian Voivodeship,Bischofsburg,152,BISKUPIEC,BISCHOFSBURG
Bisztynek,Bisztynek,Bartoszyce,Warmian-Masurian Voivodeship,Bischofstein,152,BISZTYNEK,BISCHOFSTEIN
Bobolice,Bobolice,Koszalin,West Pomeranian Voivodeship,Bublitz,152,BOBOLICE,BUBLITZ
Bobowicko,Międzyrzecz,Międzyrzecz,Lubusz Voivodeship,Bobelwitz,152,BOBOWICKO,BOBELWITZ
"Boczów, Lubusz Voivodeship",Torzym,Sulęcin,Lubusz Voivodeship,Bottschow,152,BOCZOW,BOTTSCHOW
Bogatynia,Bogatynia,Zgorzelec,Lower Silesian Voivodeship,Reichenau,152,BOGATYNIA,REICHENAU
Boguszów-Gorce,,Wałbrzych,Lower Silesian Voivodeship,Gottesberg-Rothenbach,152,BOGUSZOW-GORCE,GOTTESBERG-ROTHENBACH
Bolesławiec,,Bolesławiec,Lower Silesian Voivodeship,Bunzlau,152,BOLESLAWIEC,BUNZLAU
Boręty,Lichnowy,Malbork,Pomeranian Voivodeship,Barendt,152,BORETY,BARENDT
Borne Sulinowo,Borne Sulinowo,Szczecinek,West Pomeranian Voivodeship,Groß-Born,152,BORNE SULINOWO,GROSS-BORN
"Borowe, Lubusz Voivodeship",Iłowa,Żagań,Lubusz Voivodeship,Burau,152,BOROWE,BURAU
Braniewo,,Braniewo,Warmian-Masurian Voivodeship,Braunsberg,152,BRANIEWO,BRAUNSBERG
Brodnica,,Brodnica,Kuyavian-Pomeranian Voivodeship,Strasburg an der Drewenz,152,BRODNICA,STRASBURG AN DER DREWENZ
Brodnica,,Brodnica,Kuyavian-Pomeranian Voivodeship,Strasburg in Westpreußen,152,BRODNICA,STRASBURG IN WESTPREUSSEN
Brokęcino,Okonek,Złotów,Greater Poland Voivodeship,Bahrenbusch,152,BROKECINO,BAHRENBUSCH
"Brójce, Lubusz Voivodeship",Trzciel,Międzyrzecz,Lubusz Voivodeship,Brätz,152,BROJCE,BRATZ
"Brożek, Lubusz Voivodeship",,,,Forst-Scheuno,152,BROZEK,FORST-SCHEUNO
Brzeg,,Brzeg,Opole Voivodeship,Brieg,152,BRZEG,BRIEG
Brześć Kujawski,Brześć Kujawski,Włocławek,Kuyavian-Pomeranian Voivodeship,Brest,152,BRZESC KUJAWSKI,BREST
Brześć Kujawski,Brześć Kujawski,Włocławek,Kuyavian-Pomeranian Voivodeship,Kujawisch Brest,152,BRZESC KUJAWSKI,KUJAWISCH BREST
"Brzózka, Lubusz Voivodeship",Krosno Odrzańskie,Krosno Odrzańskie,Lubusz Voivodeship,Braschen,152,BRZOZKA,BRASCHEN
Brzozowy Ług,Międzyrzecz,Międzyrzecz,Lubusz Voivodeship,Johanneshof,152,BRZOZOWY LUG,JOHANNESHOF
Budziechów,Jasień,Żary,Lubusz Voivodeship,Baudach,152,BUDZIECHOW,BAUDACH
"Bukowiec, Lubusz Voivodeship",Międzyrzecz,Międzyrzecz,Lubusz Voivodeship,Bauchwitz,152,BUKOWIEC,BAUCHWITZ
"Bukówka, Lower Silesian Voivodeship",Lubawka,Kamienna Góra,Lower Silesian Voivodeship,Buchwald,152,BUKOWKA,BUCHWALD
Bydgoszcz,,,Kuyavian-Pomeranian Voivodeship,Bromberg,152,BYDGOSZCZ,BROMBERG
"Buszów, Strzelce-Drezdenko County",Strzelce Krajeńskie,Strzelce-Drezdenko,Lubusz Voivodeship,Büssow,152,BUSZOW,BUSSOW
Bytom,,,Silesian Voivodeship,Beuthen in Oberschlesien,152,BYTOM,BEUTHEN IN OBERSCHLESIEN
Bytom Odrzański,Bytom Odrzański,Nowa Sól,Lubusz Voivodeship,Beuthen an der Oder,152,BYTOM ODRZANSKI,BEUTHEN AN DER ODER
Cedynia,Cedynia,Gryfino,West Pomeranian Voivodeship,Zehden,152,CEDYNIA,ZEHDEN
Chichy,Małomice,Żagań,Lubusz Voivodeship,Kunzendorf,152,CHICHY,KUNZENDORF
Chełmno,,Chełmno,Kuyavian-Pomeranian Voivodeship,Kulm,152,CHELMNO,KULM
Chełmża,,Toruń,Kuyavian-Pomeranian Voivodeship,Kulmsee,152,CHELMZA,KULMSEE
"Chlebowo, Lubusz Voivodeship",Gubin,Krosno Odrzańskie,Lubusz Voivodeship,Niemaschkleba,152,CHLEBOWO,NIEMASCHKLEBA
Chociule,Świebodzin,Świebodzin,Lubusz Voivodeship,Kutschlau,152,CHOCIULE,KUTSCHLAU
Chociwel,Chociwel,Stargard,West Pomeranian Voivodeship,Freienwalde in Pommern,152,CHOCIWEL,FREIENWALDE IN POMMERN
Chodzież,,Chodzież,Greater Poland Voivodeship,Chodziesen,152,CHODZIEZ,CHODZIESEN
Chodzież,,Chodzież,Greater Poland Voivodeship,Kolmar in Posen,152,CHODZIEZ,KOLMAR IN POSEN
Chojna,Chojna,Gryfino,West Pomeranian Voivodeship,Königsberg in der Neumark,152,CHOJNA,KONIGSBERG IN DER NEUMARK
Chorzów,,,Silesian Voivodeship,Königshütte,152,CHORZOW,KONIGSHUTTE
Choszczno,Choszczno,Choszczno,West Pomeranian Voivodeship,Arnswalde,152,CHOSZCZNO,ARNSWALDE
Chrzanów,Gmina Chrzanów,Chrzanów,Lesser Poland Voivodeship,Krenau[c],152,CHRZANOW,KRENAU
Chwaliszowice,Trzebiel,Żary,Lubusz Voivodeship,Quolsdorf,152,CHWALISZOWICE,QUOLSDORF
Ciechocinek,,Aleksandrów,Kuyavian-Pomeranian Voivodeship,Hermannsbad,152,CIECHOCINEK,HERMANNSBAD
Cieszyn,,Cieszyn,Silesian Voivodeship,Teschen,152,CIESZYN,TESCHEN
"Cieszyno, Łobez County",Węgorzyno,Łobez,West Pomeranian Voivodeship,Teschendorf,152,CIESZYNO,TESCHENDORF
"Cisów, Lubusz Voivodeship",Kożuchów,Nowa Sól,Lubusz Voivodeship,Zissendorf,152,CISOW,ZISSENDORF
Cybinka,Cybinka,Słubice,Lubusz Voivodeship,Ziebingen,152,CYBINKA,ZIEBINGEN
Czaplinek,Czaplinek,Drawsko,West Pomeranian Voivodeship,Tempelburg,152,CZAPLINEK,TEMPELBURG
Czarnków,,Czarnków-Trzcianka,Greater Poland Voivodeship,Czarniakau,152,CZARNKOW,CZARNIAKAU
Czarnków,,Czarnków-Trzcianka,Greater Poland Voivodeship,Scharnikau,152,CZARNKOW,SCHARNIKAU
Czarnogoździce,Krośnice,Milicz,Lower Silesian Voivodeship,Zwornogoschütz,152,CZARNOGOZDZICE,ZWORNOGOSCHUTZ
Czarnogoździce,Krośnice,Milicz,Lower Silesian Voivodeship,Hohenwarte (Schlesien)[d],152,CZARNOGOZDZICE,HOHENWARTE (SCHLESIEN)
Czarnożyły,Czarnożyły,Wieluń,Łódź Voivodeship,Czarnozyly,152,CZARNOZYLY,CZARNOZYLY
Czarnożyły,Czarnożyły,Wieluń,Łódź Voivodeship,Schwarzgrund[e],152,CZARNOZYLY,SCHWARZGRUND
Czatkowy,Tczew,Tczew,Pomeranian Voivodeship,Schattkau,152,CZATKOWY,SCHATTKAU
Czciradz,Kożuchów,Nowa Sól,Lubusz Voivodeship,Zyrus,152,CZCIRADZ,ZYRUS
"Czernina, Lower Silesian Voivodeship",Góra,Góra,Lower Silesian Voivodeship,Tschirnau,152,CZERNINA,TSCHIRNAU
"Czernina, Lower Silesian Voivodeship",Góra,Góra,Lower Silesian Voivodeship,Lesten[f],152,CZERNINA,LESTEN
Czernikowo,Czernikowo,Toruń,Kuyavian-Pomeranian Voivodeship,Schwarzendorf,152,CZERNIKOWO,SCHWARZENDORF
Czerwieńsk,Czerwieńsk,Zielona Góra,Lubusz Voivodeship,Rothenburg an der Oder,152,CZERWIENSK,ROTHENBURG AN DER ODER
Częstochowa,,,Silesian Voivodeship,Tschenstochau,152,CZESTOCHOWA,TSCHENSTOCHAU
Człopa,Człopa,Wałcz,West Pomeranian Voivodeship,Schloppe,152,CZLOPA,SCHLOPPE
"Dąbroszyn, Lubusz Voivodeship",Witnica,Gorzów,Lubusz Voivodeship,Tamsel,152,DABROSZYN,TAMSEL
Dąbrówka Tczewska,Tczew,Tczew,Pomeranian Voivodeship,Damerau,152,DABROWKA TCZEWSKA,DAMERAU
Dąbrówka Wielkopolska,Zbąszynek,Świebodzin,Lubusz Voivodeship,Groß Dammer,152,DABROWKA WIELKOPOLSKA,GROSS DAMMER
Dąbrówno,Dąbrówno,Ostróda,Warmian-Masurian Voivodeship,Gilgenburg,152,DABROWNO,GILGENBURG
Darłowo,,Sławno,West Pomeranian Voivodeship,Rügenwalde,152,DARLOWO,RUGENWALDE
Darłówko,,,,Rügenwaldermünde,152,DARLOWKO,RUGENWALDERMUNDE
Datyń,Brody,Żary,Lubusz Voivodeship,Datten,152,DATYN,DATTEN
Dębno,Dębno,Myślibórz,West Pomeranian Voivodeship,Neudamm,152,DEBNO,NEUDAMM
Dębowa Łęka,Wschowa,Wschowa,Lubusz Voivodeship,Geyersdorf,152,DEBOWA LEKA,GEYERSDORF
Długoszyn,Sulęcin,Sulęcin,Lubusz Voivodeship,Langenfeld,152,DLUGOSZYN,LANGENFELD
"Dobra, Opole Voivodeship",Strzeleczki,Krapkowice,Opole Voivodeship,Dobrau,152,DOBRA,DOBRAU
Dobre Miasto,Dobre Miasto,Olsztyn,Warmian-Masurian Voivodeship,Guttstadt[g],152,DOBRE MIASTO,GUTTSTADT
Dobrodzień,Dobrodzień,Olesno,Opole Voivodeship,Guttentag,152,DOBRODZIEN,GUTTENTAG
Dobrzany,Dobrzany,Stargard,West Pomeranian Voivodeship,Jascobshagen,152,DOBRZANY,JASCOBSHAGEN
Dobiegniew,Dobiegniew,Strzelce-Drezdenko,Lubusz Voivodeship,Woldenberg,152,DOBIEGNIEW,WOLDENBERG
Dolna Grupa,Dragacz,Świecie,Kuyavian-Pomeranian Voivodeship,Nieder Gruppe,152,DOLNA GRUPA,NIEDER GRUPPE
Drawno,Drawno,Choszczno,West Pomeranian Voivodeship,Neuwedell,152,DRAWNO,NEUWEDELL
Drawsko Pomorskie,Drawsko Pomorskie,Drawsko,West Pomeranian Voivodeship,Dramburg,152,DRAWSKO POMORSKIE,DRAMBURG
Drezdenko,Drezdenko,Strzelce-Drezdenko,Lubusz Voivodeship,Driesen,152,DREZDENKO,DRIESEN
Drogomin,Sulęcin,Sulęcin,Lubusz Voivodeship,Heinersdorf,152,DROGOMIN,HEINERSDORF
"Drzeńsko, Lubusz Voivodeship",Rzepin,Słubice,Lubusz Voivodeship,Drenzig,152,DRZENSKO,DRENZIG
"Drzewce, Lubusz Voivodeship",Torzym,Sulęcin,Lubusz Voivodeship,Leichholz,152,DRZEWCE,LEICHHOLZ
Drzonków,,Zielona Góra,Lubusz Voivodeship,Drentkau,152,DRZONKOW,DRENTKAU
Dziadoszyce,Kożuchów,Nowa Sól,Lubusz Voivodeship,Döringau,152,DZIADOSZYCE,DORINGAU
Działdowo,,Działdowo,Warmian-Masurian Voivodeship,Soldau,152,DZIALDOWO,SOLDAU
Dzierzgoń,Dzierzgoń,Sztum,Pomeranian Voivodeship,Christburg,152,DZIERZGON,CHRISTBURG
Dzierżoniów,,Dzierżoniów,Lower Silesian Voivodeship,Reichenbach,152,DZIERZONIOW,REICHENBACH
Dziwnów,Dziwnów,Kamień,West Pomeranian Voivodeship,Berg Dievenow,152,DZIWNOW,BERG DIEVENOW
Dźwirzyno,Kołobrzeg,Kołobrzeg,West Pomeranian Voivodeship,Kolberger Deep,152,DZWIRZYNO,KOLBERGER DEEP
Elbląg,,,Warmian-Masurian Voivodeship,Elbing,152,ELBLAG,ELBING
Ełk,,Ełk,Warmian-Masurian Voivodeship,Lyck,152,ELK,LYCK
Frombork,Frombork,Braniewo,Warmian-Masurian Voivodeship,Frauenberg,152,FROMBORK,FRAUENBERG
Gądków Wielki,Torzym,Sulęcin,Lubusz Voivodeship,Groß Gandern,152,GADKOW WIELKI,GROSS GANDERN
Gdańsk,,,Pomeranian Voivodeship,Danzig,152,GDANSK,DANZIG
"Gębice, Krosno Odrzańskie County",Gubin,Krosno Odrzańskie,Lubusz Voivodeship,Amtitz,152,GEBICE,AMTITZ
Giżycko,,Giżycko County,Warmian-Masurian Voivodeship,Lötzen,152,GIZYCKO,LOTZEN
Glińsk,Świebodzin,Świebodzin,Lubusz Voivodeship,Leimnitz,152,GLINSK,LEIMNITZ
"Glisno, Gmina Lubniewice",Lubniewice,Sulęcin,Lubusz Voivodeship,Gleißen,152,GLISNO,GLEISSEN
Gliwice,,,Silesian Voivodeship,Gleiwitz,152,GLIWICE,GLEIWITZ
Głogów,,Głogów,Lower Silesian Voivodeship,(Groß) Glogau,152,GLOGOW,(GROSS) GLOGAU
Głogówek,Głogówek,Prudnik,Opole Voivodeship,Oberglogau,152,GLOGOWEK,OBERGLOGAU
Głubczyce,Głubczyce,Głubczyce,Opole Voivodeship,Leobschütz,152,GLUBCZYCE,LEOBSCHUTZ
Głuchołazy,Głuchołazy,Nysa,Opole Voivodeship,Bad Ziegenhals,152,GLUCHOLAZY,BAD ZIEGENHALS
Głusko,Dobiegniew,Strzelce-Drezdenko,Lubusz Voivodeship,Steinbusch,152,GLUSKO,STEINBUSCH
Gniew,Gniew,Tczew,Pomeranian Voivodeship,Mewe,152,GNIEW,MEWE
Gniewkowo,Gniewkowo,Inowrocław,Kuyavian-Pomeranian Voivodeship,Argenau,152,GNIEWKOWO,ARGENAU
Gniezno,,Gniezno,Greater Poland Voivodeship,Gnesen,152,GNIEZNO,GNESEN
Golczewo,Golczewo,Kamień,West Pomeranian Voivodeship,Gülzow,152,GOLCZEWO,GULZOW
Gołdap,Gołdap,Gołdap,Warmian-Masurian Voivodeship,Goldap,152,GOLDAP,GOLDAP
Goleniów,Goleniów,Goleniów,West Pomeranian Voivodeship,Gullnow,152,GOLENIOW,GULLNOW
Górna Grupa,Dragacz,Świecie,Kuyavian-Pomeranian Voivodeship,Ober Gruppe,152,GORNA GRUPA,OBER GRUPPE
Górzno,Górzno,Brodnica,Kuyavian-Pomeranian Voivodeship,Görzbenz,152,GORZNO,GORZBENZ
Górowo Iławeckie,,Bartoszyce,Warmian-Masurian Voivodeship,Landsberg in Ostpreußen[g],152,GOROWO ILAWECKIE,LANDSBERG IN OSTPREUSSEN
Gorzów Wielkopolski,,,Lubusz Voivodeship,Landsberg an der Warthe[g],152,GORZOW WIELKOPOLSKI,LANDSBERG AN DER WARTHE
"Gorzyca, Lubusz Voivodeship",Międzyrzecz,Międzyrzecz,Lubusz Voivodeship,Ober Görzig,152,GORZYCA,OBER GORZIG
Gościkowo,Świebodzin,Świebodzin,Lubusz Voivodeship,Paradies,152,GOSCIKOWO,PARADIES
Gościno,Gościno,Kołobrzeg,West Pomeranian Voivodeship,Groß Jestin,152,GOSCINO,GROSS JESTIN
Gościnowo,Skwierzyna,Międzyrzecz,Lubusz Voivodeship,Alexandersdorf,152,GOSCINOWO,ALEXANDERSDORF
Gozdnica,,Żagań,Lubusz Voivodeship,Freiwaldau,152,GOZDNICA,FREIWALDAU
"Gozdno, Lubusz Voivodeship",Lubsko,Żary,Lubusz Voivodeship,Heidehäuser,152,GOZDNO,HEIDEHAUSER
Gozdowice,Mieszkowice,Gryfino,West Pomeranian Voivodeship,Güstebiese,152,GOZDOWICE,GUSTEBIESE
Grabów nad Prosną,Grabów nad Prosną,Ostrzeszów,Greater Poland Voivodeship,Altwerder[h],152,GRABOW NAD PROSNA,ALTWERDER
"Grabowo, Stargard County",Stargard,Stargard,West Pomeranian Voivodeship,Buchholz,152,GRABOWO,BUCHHOLZ
Groblice,Siechnice,Wrocław,Lower Silesian Voivodeship,Grebelwitz,152,GROBLICE,GREBELWITZ
Grodków,Grodków,Brzeg,Opole Voivodeship,Grottkau,152,GRODKOW,GROTTKAU
"Grodziszcze, Świebodzin County",Świebodzin,Świebodzin,Lubusz Voivodeship,Gräditz,152,GRODZISZCZE,GRADITZ
"Grodziszcze, Żary County",Brody,Żary,Lubusz Voivodeship,Grötzsch,152,GRODZISZCZE,GROTZSCH
Grudziądz,,,Kuyavian-Pomeranian Voivodeship,Graudenz,152,GRUDZIADZ,GRAUDENZ
Gryfice,Gryfice,Gryfice,West Pomeranian Voivodeship,Greifenberg in Pommern,152,GRYFICE,GREIFENBERG IN POMMERN
Gryfino,Gryfino,Gryfino,West Pomeranian Voivodeship,Greifenhagen,152,GRYFINO,GREIFENHAGEN
Grzędzice,Stargard,Stargard,West Pomeranian Voivodeship,Seefeld,152,GRZEDZICE,SEEFELD
"Grzybowo, Giżycko County",,,,Grzybowen[j],152,GRZYBOWO,GRZYBOWEN
"Grzybowo, Giżycko County",,,,Birkensee,152,GRZYBOWO,BIRKENSEE
"Grzybowo, West Pomeranian Voivodeship",Kołobrzeg,Kołobrzeg,West Pomeranian Voivodeship,Gribow,152,GRZYBOWO,GRIBOW
"Gubin, Poland",,Krosno Odrzańskie,Lubusz Voivodeship,Guben,152,GUBIN,GUBEN
"Gutkowo, Warmian-Masurian Voivodeship",Jonkowo,Olsztyn,Warmian-Masurian Voivodeship,Göttkendorf[k],152,GUTKOWO,GOTTKENDORF
"Hel, Poland",,Puck,Pomeranian Voivodeship,Hela,152,HEL,HELA
Iława,,Iława,Warmian-Masurian Voivodeship,Deutsch Eylau,152,ILAWA,DEUTSCH EYLAU
Iłowa,Iłowa,Żagań,Lubusz Voivodeship,Halbau,152,ILOWA,HALBAU
Ińsko,Ińsko,Stargard,West Pomeranian Voivodeship,Nörenberg,152,INSKO,NORENBERG
Jabłonowo Pomorskie,Jabłonowo Pomorskie,Brodnica,Kuyavian-Pomeranian Voivodeship,Jablonowo,152,JABLONOWO POMORSKIE,JABLONOWO
Jabłonowo Pomorskie,Jabłonowo Pomorskie,Brodnica,Kuyavian-Pomeranian Voivodeship,Goßlershausen[l],152,JABLONOWO POMORSKIE,GOSSLERSHAUSEN
Jałowice,Brody,Żary,Lubusz Voivodeship,Jaulitz,152,JALOWICE,JAULITZ
"Janiszowice, Żary County",Brody,Żary,Lubusz Voivodeship,Jähnsdorf,152,JANISZOWICE,JAHNSDORF
Jarkowice,Lubawka,Kamienna Góra,Lower Silesian Voivodeship,Hermsdorf Städtisch,152,JARKOWICE,HERMSDORF
"Jaroty, Gmina Stawiguda",,Olsztyn,Warmian-Masurian Voivodeship,Jomendorf[k],152,JAROTY,JOMENDORF
"Jasień, Lubusz Voivodeship",Jasień,Żary,Lubusz Voivodeship,Gassen,152,JASIEN,GASSEN
Jastrowie,Jastrowie,Złotów,Greater Poland Voivodeship,Jastrow,152,JASTROWIE,JASTROW
Jawor,,Jawor,Lower Silesian Voivodeship,Jauer,152,JAWOR,JAUER
Jelenia Góra,,,Lower Silesian Voivodeship,Hirschberg im Riesengeberge,152,JELENIA GORA,HIRSCHBERG IM RIESENGEBERGE
"Jeziory, Lubusz Voivodeship",Świebodzin,Świebodzin,Lubusz Voivodeship,Jehser,152,JEZIORY,JEHSER
Jeziory Dolne,Brody,Żary,Lubusz Voivodeship,Nieder Jeser,152,JEZIORY DOLNE,NIEDER JESER
Jeziorany,Jeziorany,Olsztyn,Warmian-Masurian Voivodeship,Seeburg,152,JEZIORANY,SEEBURG
"Jordanowo, Lubusz Voivodeship",Świebodzin,Świebodzin,Lubusz Voivodeship,Jordan,152,JORDANOWO,JORDAN
Kaława,Międzyrzecz,Międzyrzecz,Lubusz Voivodeship,Kalau,152,KALAWA,KALAU
Kalisz Pomorski,Kalisz Pomorski,Drawsko,West Pomeranian Voivodeship,Kallies,152,KALISZ POMORSKI,KALLIES
Kalsko,Międzyrzecz,Międzyrzecz,Lubusz Voivodeship,Kalzig,152,KALSKO,KALZIG
Kamień Pomorski,Kamień Pomorski,,West Pomeranian Voivodeship,Cammin,152,KAMIEN POMORSKI,CAMMIN
Kamienna Góra,,Kamienna Góra,Lower Silesian Voivodeship,Landeshut,152,KAMIENNA GORA,LANDESHUT
Kargowa,Kargowa,Zielona Góra,Lubusz Voivodeship,Unruhstadt,152,KARGOWA,UNRUHSTADT
Karlino,Karlino,Białogard,West Pomeranian Voivodeship,Körlin an der Persante,152,KARLINO,KORLIN AN DER PERSANTE
Katowice,,,Silesian Voivodeship,Kattowitz,152,KATOWICE,KATTOWITZ
Kąty Rybackie,Sztutowo,Nowy Dwór Gdański,Pomeranian Voivodeship,Bodenwinkel,152,KATY RYBACKIE,BODENWINKEL
Kąty Wrocławskie,Kąty Wrocławskie,Wrocław,Lower Silesian Voivodeship,Kanth,152,KATY WROCLAWSKIE,KANTH
Kąty Wrocławskie,Kąty Wrocławskie,Wrocław,Lower Silesian Voivodeship,Canth[m],152,KATY WROCLAWSKIE,CANTH
Kędzierzyn-Koźle,,Kędzierzyn-Koźle,Opole Voivodeship,Kandrzin-Cosel,152,KEDZIERZYN-KOZLE,KANDRZIN-COSEL
"Kępsko, Lubusz Voivodeship",Świebodzin,Świebodzin,Lubusz Voivodeship,Schönborn,152,KEPSKO,SCHONBORN
Kęszyca,Międzyrzecz,Międzyrzecz,Lubusz Voivodeship,Kainscht,152,KESZYCA,KAINSCHT
Kętrzyn,,Kętrzyn,Warmian–Masurian Voivodeship,Rastenburg[g],152,KETRZYN,RASTENBURG
Klępino,Stargard,Stargard,West Pomeranian Voivodeship,Klempin,152,KLEPINO,KLEMPIN
Klępsk,Sulechów,Zielona Góra,Lubusz Voivodeship,Klemzig,152,KLEPSK,KLEMZIG
Kłodzko,,Kłodzko,Lower Silesian Voivodeship,Glatz,152,KLODZKO,GLATZ
Kłonowo,Dobre,Radziejów,Kuyavian-Pomeranian Voivodeship,Klönnau,152,KLONOWO,KLONNAU
"Klonowo, Tuchola County",Lubiewo,Tuchola,Kuyavian-Pomeranian Voivodeship,Klonowo,152,KLONOWO,KLONOWO
"Klonowo, Tuchola County",Lubiewo,Tuchola,Kuyavian-Pomeranian Voivodeship,Klontal[n],152,KLONOWO,KLONTAL
"Kłopot, Lubusz Voivodeship",Cybinka,Słubice,Lubusz Voivodeship,Kloppitz,152,KLOPOT,KLOPPITZ
Kluczbork,Kluczbork,Kluczbork,Opole Voivodeship,Kreuzberg,152,KLUCZBORK,KREUZBERG
Koło,,Koło,Greater Poland Voivodeship,Kohlo,152,KOLO,KOHLO
Kołobrzeg,,Kołobrzeg,,Kolberg,152,KOLOBRZEG,KOLBERG
Kolonowskie,Kolonowskie,Strzelce,Opole Voivodeship,Colonnowska,152,KOLONOWSKIE,COLONNOWSKA
Kolonowskie,Kolonowskie,Strzelce,Opole Voivodeship,Grafenweiler[o],152,KOLONOWSKIE,GRAFENWEILER
Konin Żagański,Iłowa,Żagań,Lubusz Voivodeship,Kunau,152,KONIN ZAGANSKI,KUNAU
Korfantów,Korfantów,Nysa,Opole Voivodeship,Friedland in Oberschlesien,152,KORFANTOW,FRIEDLAND IN OBERSCHLESIEN
Koronowo,Koronowo,Bydgoszcz,Kuyavian-Pomeranian Voivodeship,Polnisch Krone[p],152,KORONOWO,POLNISCH KRONE
Koronowo,Koronowo,Bydgoszcz,Kuyavian-Pomeranian Voivodeship,Crone an der Brahe,152,KORONOWO,CRONE AN DER BRAHE
Koronowo,Koronowo,Bydgoszcz,Kuyavian-Pomeranian Voivodeship,Krone an der Brahe[q],152,KORONOWO,KRONE AN DER BRAHE
"Kosarzyn, Lubusz Voivodeship",Gubin,Krosno Odrzańskie,Lubusz Voivodeship,Kuschern,152,KOSARZYN,KUSCHERN
Kościan,,Kościan,Greater Poland Voivodeship,Kosten,152,KOSCIAN,KOSTEN
Kostrzyn nad Odrą,,Gorzów,Lubusz Voivodeship,Küstrin,152,KOSTRZYN NAD ODRA,KUSTRIN
Koszalin,,,,Köslin,152,KOSZALIN,KOSLIN
"Kotowice, Lubusz Voivodeship",Nowogród Bobrzański,Zielona Góra,Lubusz Voivodeship,Kottwitz,152,KOTOWICE,KOTTWITZ
Kowalewo Pomorskie,Kowalewo Pomorskie,Golub-Dobrzyń,Kuyavian-Pomeranian Voivodeship,Schönsee,152,KOWALEWO POMORSKIE,SCHONSEE
Kożuchów,Kożuchów,Nowa Sól,Lubusz Voivodeship,Freystadt in Schlesien,152,KOZUCHOW,FREYSTADT IN SCHLESIEN
Kozy,,Bielsko County,Silesian Voivodeship,Seiffersdorf,152,KOZY,SEIFFERSDORF
Kozy,,Bielsko County,Silesian Voivodeship,Seibersdorf,152,KOZY,SEIBERSDORF
Kozy,,Bielsko County,Silesian Voivodeship,Kosy[c],152,KOZY,KOSY
"Krąg, West Pomeranian Voivodeship",Polanów,Koszalin,West Pomeranian Voivodeship,Krangen,152,KRAG,KRANGEN
Krajenka,Krajenka,Złotów,Greater Poland Voivodeship,Krojanke,152,KRAJENKA,KROJANKE
Krajnik Dolny,Chojna,Gryfino,West Pomeranian Voivodeship,Nieder-Kränig,152,KRAJNIK DOLNY,NIEDER-KRANIG
Krajnik Górny,Chojna,Gryfino,West Pomeranian Voivodeship,Hohen-Kränig,152,KRAJNIK GORNY,HOHEN-KRANIG
Kraków,,,,Krakau,152,KRAKOW,KRAKAU
Krapkowice,Krapkowice,Krapkowice,Opole Voivodeship,Krappitz,152,KRAPKOWICE,KRAPPITZ
"Krążkowo, Lubusz Voivodeship",Sława,Wschowa,Lubusz Voivodeship,Altkranz,152,KRAZKOWO,ALTKRANZ
"Krosino, Szczecinek County",Grzmiąca,Szczecinek,West Pomeranian Voivodeship,(Groß) Krössin,152,KROSINO,(GROSS) KROSSIN
Krzeszowice,Krzeszowice,Kraków,Lesser Poland Voivodeship,Kressendorf[c],152,KRZESZOWICE,KRESSENDORF
Krosno Odrzańskie,Krosno Odrzańskie,Krosno Odrzańskie,Lubusz Voivodeship,Crossen an der Oder,152,KROSNO ODRZANSKIE,CROSSEN AN DER ODER
"Kuligowo, Zielona Góra County",Babimost,Zielona Góra,Lubusz Voivodeship,Kulkau,152,KULIGOWO,KULKAU
Kumiałtowice,Brody,Żary,Lubusz Voivodeship,Kummeltitz,152,KUMIALTOWICE,KUMMELTITZ
Kunowice,Słubice,Słubice,Lubusz Voivodeship,Kunersdorf,152,KUNOWICE,KUNERSDORF
Kupienino,Świebodzin,Świebodzin,Lubusz Voivodeship,Koppen,152,KUPIENINO,KOPPEN
Kurcewo,Stargard,Stargard,West Pomeranian Voivodeship,Krüssow,152,KURCEWO,KRUSSOW
Kursko,Międzyrzecz,Międzyrzecz,Lubusz Voivodeship,Kurzig,152,KURSKO,KURZIG
"Kuźnik, Lubusz Voivodeship",Międzyrzecz,Międzyrzecz,Lubusz Voivodeship,Kupfermühle,152,KUZNIK,KUPFERMUHLE
Kwidzyn,,Kwidzyn,Pomeranian Voivodeship,Marienwerder,152,KWIDZYN,MARIENWERDER
"Lasocin, Lubusz Voivodeship",Kożuchów,Nowa Sól,Lubusz Voivodeship,Lessendorf,152,LASOCIN,LESSENDORF
Lędyczek,Okonek,Złotów,Greater Poland Voivodeship,Landeck in Westpreußen,152,LEDYCZEK,LANDECK IN WESTPREUSSEN
Legnica,,,Lower Silesian Voivodeship,Liegnitz,152,LEGNICA,LIEGNITZ
Legnickie Pole,Legnickie Pole,Legnica,Lower Silesian Voivodeship,Wahlstatt,152,LEGNICKIE POLE,WAHLSTATT
Lemierzyce,Słońsk,Sulęcin,Lubusz Voivodeship,Alt Limmritz,152,LEMIERZYCE,ALT LIMMRITZ
Leśnica,Leśnica,Strzelce,Opole Voivodeship,Leschnitz,152,LESNICA,LESCHNITZ
Leśnica,Leśnica,Strzelce,Opole Voivodeship,Bergstadt[o],152,LESNICA,BERGSTADT
Leszno,,,Greater Poland Voivodeship,Lissa,152,LESZNO,LISSA
Leszno Dolne,Szprotawa,Żagań,Lubusz Voivodeship,Nieder Leschen,152,LESZNO DOLNE,NIEDER LESCHEN
Lichnówki,Lichnowy,Malbork,Pomeranian Voivodeship,Klein Lichtenau,152,LICHNOWKI,KLEIN LICHTENAU
"Lichnowy, Malbork County",Lichnowy,Malbork,Pomeranian Voivodeship,Groß Lichtenau,152,LICHNOWY,GROSS LICHTENAU
Lidzbark Warmiński,,Lidzbark,Warmian-Masurian Voivodeship,Heilsberg,152,LIDZBARK WARMINSKI,HEILSBERG
Likusy,Nidzica,Nidzica,Warmian-Masurian Voivodeship,Likusen[k],152,LIKUSY,LIKUSEN
"Linia, Pomeranian Voivodeship",Linia,Wejherowo,Pomeranian Voivodeship,Linde,152,LINIA,LINDE
Lipiany,Lipiany,Pyrzyce,West Pomeranian Voivodeship,Lippehne,152,LIPIANY,LIPPEHNE
"Lipie Góry, Lubusz Voivodeship",Strzelce Krajeńskie,Strzelce-Drezdenko,Lubusz Voivodeship,Mansfelde,152,LIPIE GORY,MANSFELDE
"Lipnik, West Pomeranian Voivodeship",Stargard,Stargard,West Pomeranian Voivodeship,Lindenberg,152,LIPNIK,LINDENBERG
Lisewo Malborskie,Lichnowy,Malbork,Pomeranian Voivodeship,Ließau,152,LISEWO MALBORSKIE,LIESSAU
Lubawka,Lubawka,Kamienna Góra,Lower Silesian Voivodeship,Liebau,152,LUBAWKA,LIEBAU
"Lubiewo, Kuyavian-Pomeranian Voivodeship",Lubiewo,Tuchola,Kuyavian-Pomeranian Voivodeship,Lobfelde,152,LUBIEWO,LOBFELDE
Lubiszewo Tczewskie,Tczew,Tczew,Pomeranian Voivodeship,Liebschau,152,LUBISZEWO TCZEWSKIE,LIEBSCHAU
Lubin,,Lubin,Lower Silesian Voivodeship,Lüben,152,LUBIN,LUBEN
Lubinicko,Świebodzin,Świebodzin,Lubusz Voivodeship,Merzdorf,152,LUBINICKO,MERZDORF
Lubogóra,Świebodzin,Świebodzin,Lubusz Voivodeship,Wilhelmshöhe,152,LUBOGORA,WILHELMSHOHE
Luboń,,Poznań,Greater Poland Voivodeship,Luban,152,LUBON,LUBAN
Lubsko,Lubsko,Żary,Lubusz Voivodeship,Sommerfeld,152,LUBSKO,SOMMERFELD
Lututów,Lututów,Wieruszów,Łódź Voivodeship,Lututow,152,LUTUTOW,LUTUTOW
Lututów,Lututów,Wieruszów,Łódź Voivodeship,Landstett[r],152,LUTUTOW,LANDSTETT
Lututów,Lututów,Wieruszów,Łódź Voivodeship,Landstätt[e],152,LUTUTOW,LANDSTATT
Łagoda,Nowogród Bobrzański,Zielona Góra,Lubusz Voivodeship,Legel,152,LAGODA,LEGEL
Łask,Łask,Łask,Łódź Voivodeship,Lask,152,LASK,LASK
Łaziska Górne,,Mikołów,Silesian Voivodeship,Ober Lazisk,152,LAZISKA GORNE,OBER LAZISK
Łazy Lubuskie,Słubice,Słubice,Lubusz Voivodeship,Lubuser Loose,152,LAZY LUBUSKIE,LUBUSER LOOSE
Łeba,,Lębork,Pomeranian Voivodeship,Leba,152,LEBA,LEBA
Łęgajny,Barczewo,Olsztyn,Warmian-Masurian Voivodeship,Lengainen,152,LEGAJNY,LENGAINEN
Łęknica,,Żary,Lubusz Voivodeship,Lugknitz,152,LEKNICA,LUGKNITZ
Łężyca,,Zielona Góra,Lubusz Voivodeship,Lansitz,152,LEZYCA,LANSITZ
Łobez,Łobez,Łobez,West Pomeranian Voivodeship,Labes,152,LOBEZ,LABES
Łobżenica,Łobżenica,Piła,Greater Poland Voivodeship,Lobsens,152,LOBZENICA,LOBSENS
Łomczewo,Okonek,Złotów,Greater Poland Voivodeship,Lümzow,152,LOMCZEWO,LUMZOW
Łódź,,,Łódź Voivodeship,Lodsch,152,LODZ,LODSCH
Łódź,,,Łódź Voivodeship,Litzmannstadt[s],152,LODZ,LITZMANNSTADT
"Ługów, Lubusz Voivodeship",Świebodzin,Świebodzin,Lubusz Voivodeship,Lugau,152,LUGOW,LUGAU
"Łupstych, Olsztyn County",Gietrzwałd,Olsztyn,Warmian-Masurian Voivodeship,Abstich[k],152,LUPSTYCH,ABSTICH
"Łyna, Warmian-Masurian Voivodeship",Nidzica,Nidzica,Warmian-Masurian Voivodeship,Lahna,152,LYNA,LAHNA
"Łysomice, Kuyavian-Pomeranian Voivodeship",Łysomice,Toruń,Kuyavian-Pomeranian Voivodeship,Lissomitz,152,LYSOMICE,LISSOMITZ
"Łysomice, Kuyavian-Pomeranian Voivodeship",Łysomice,Toruń,Kuyavian-Pomeranian Voivodeship,Posemsdorf[q],152,LYSOMICE,POSEMSDORF
Maczków,Cybinka,Słubice,Lubusz Voivodeship,Matschdorf,152,MACZKOW,MATSCHDORF
Malbork,,Malbork,Pomeranian Voivodeship,Marienburg[g],152,MALBORK,MARIENBURG
Małkocin,Stargard,Stargard,West Pomeranian Voivodeship,Mulkenthin,152,MALKOCIN,MULKENTHIN
Małomice,Małomice,Żagań,Lubusz Voivodeship,Mallmitz,152,MALOMICE,MALLMITZ
"Marianka, Lubusz Voivodeship",Brody,Żary,Lubusz Voivodeship,Marienhain,152,MARIANKA,MARIENHAIN
Maszewo,Maszewo,Goleniów,West Pomeranian Voivodeship,Massow,152,MASZEWO,MASSOW
Miasteczko Krajeńskie,Miasteczko Krajeńskie,Piła,Greater Poland Voivodeship,Friedheim,152,MIASTECZKO KRAJENSKIE,FRIEDHEIM
Miastko,Miastko,Bytów,Pomeranian Voivodeship,Rummelsburg,152,MIASTKO,RUMMELSBURG
Międzychód,Międzychód,Międzychód,Greater Poland Voivodeship,Birnbaum,152,MIEDZYCHOD,BIRNBAUM
Międzyzdroje,Międzyzdroje,Kamień,West Pomeranian Voivodeship,Misdroj,152,MIEDZYZDROJE,MISDROJ
Międzyrzecz,Międzyrzecz,Międzyrzecz,Lubusz Voivodeship,Meseritz,152,MIEDZYRZECZ,MESERITZ
"Mieszków, Lubusz Voivodeship",Trzebiel,Żary,Lubusz Voivodeship,Beinsdorf,152,MIESZKOW,BEINSDORF
Mieszkowice,Mieszkowice,Gryfino,West Pomeranian Voivodeship,Bärwalde in der Neumark,152,MIESZKOWICE,BARWALDE IN DER NEUMARK
Mikołajki Pomorskie,Mikołajki Pomorskie,Sztum,Pomeranian Voivodeship,Nikolaiken,152,MIKOLAJKI POMORSKIE,NIKOLAIKEN
Mikołajki Pomorskie,Mikołajki Pomorskie,Sztum,Pomeranian Voivodeship,Niklaskirchen[a],152,MIKOLAJKI POMORSKIE,NIKLASKIRCHEN
Mikołów,,Mikołów,Silesian Voivodeship,Nicolai,152,MIKOLOW,NICOLAI
Miłochowice,Milicz,Milicz,Lower Silesian Voivodeship,Melochwitz,152,MILOCHOWICE,MELOCHWITZ
Miłochowice,Milicz,Milicz,Lower Silesian Voivodeship,Mühlhagen[o],152,MILOCHOWICE,MUHLHAGEN
Miłakowo,Miłakowo,Ostróda,Warmian-Masurian Voivodeship,Liebstadt,152,MILAKOWO,LIEBSTADT
"Miłobądz, Pomeranian Voivodeship",Tczew,Tczew,Pomeranian Voivodeship,Mühlbanz,152,MILOBADZ,MUHLBANZ
Miłomłyn,Miłomłyn,Ostróda,Warmian-Masurian Voivodeship,Liebemühl,152,MILOMLYN,LIEBEMUHL
Mirocin Dolny,Kożuchów,Nowa Sól,Lubusz Voivodeship,Nieder Herzogswaldau,152,MIROCIN DOLNY,NIEDER HERZOGSWALDAU
Mirocin Górny,Kożuchów,Nowa Sól,Lubusz Voivodeship,Ober Herzogswaldau,152,MIROCIN GORNY,OBER HERZOGSWALDAU
Mirocin Średni,Kożuchów,Nowa Sól,Lubusz Voivodeship,Mittel Herzogswaldau,152,MIROCIN SREDNI,MITTEL HERZOGSWALDAU
Mirosławiec,Mirosławiec,Wałcz,West Pomeranian Voivodeship,Märkisch Friedland,152,MIROSLAWIEC,MARKISCH FRIEDLAND
Miszkowice,Lubawka,Kamienna Góra,Lower Silesian Voivodeship,Michelsdorf,152,MISZKOWICE,MICHELSDORF
Morąg,Morąg,Ostróda,Warmian-Masurian Voivodeship,Morhrungen,152,MORAG,MORHRUNGEN
Moryń,Moryń,Gryfino,West Pomeranian Voivodeship,Mohrin,152,MORYN,MOHRIN
Mrągowo,,Mrągowo,Warmian-Masurian Voivodeship,Sensburg,152,MRAGOWO,SENSBURG
Mrocza,Mrocza,Nakło,Kuyavian-Pomeranian Voivodeship,Mrotschen,152,MROCZA,MROTSCHEN
Mrocza,Mrocza,Nakło,Kuyavian-Pomeranian Voivodeship,Schönhausen[t],152,MROCZA,SCHONHAUSEN
Mrocza,Mrocza,Nakło,Kuyavian-Pomeranian Voivodeship,Immenheim[q],152,MROCZA,IMMENHEIM
Mrzeżyno,Trzebiatów,Gryfice,West Pomeranian Voivodeship,(Treptower) Deep,152,MRZEZYNO,(TREPTOWER) DEEP
Myślibórz,Myślibórz,Myślibórz,West Pomeranian Voivodeship,Soldin,152,MYSLIBORZ,SOLDIN
Mysłowice,,,Silesian Voivodeship,Myslowitz,152,MYSLOWICE,MYSLOWITZ
Nabłoto,Brody,Żary,Lubusz Voivodeship,Nablat,152,NABLOTO,NABLAT
Nabłoto,Brody,Żary,Lubusz Voivodeship,Nahberg,152,NABLOTO,NAHBERG
Nidzica,Nidzica,Nidzica,Warmian-Masurian Voivodeship,Neidenburg[g],152,NIDZICA,NEIDENBURG
Niechorze,Rewal,Gryfice,West Pomeranian Voivodeship,Horst,152,NIECHORZE,HORST
Nietków,Czerwieńsk,Zielona Góra,Lubusz Voivodeship,Polnisch Nettkow,152,NIETKOW,POLNISCH NETTKOW
Nietoperek,Międzyrzecz,Międzyrzecz,Lubusz Voivodeship,Nipter,152,NIETOPEREK,NIPTER
"Niwica, Żary County",Trzebiel,Żary,Lubusz Voivodeship,Zibelle,152,NIWICA,ZIBELLE
Nowa Ruda,,,,Neurode,152,NOWA RUDA,NEURODE
Nowa Sól,,Nowa Sól,Lubusz Voivodeship,Neusalz an der Oder,152,NOWA SOL,NEUSALZ AN DER ODER
Nowe,Nowe,Świecie,Kuyavian-Pomeranian Voivodeship,Neuenberg in Westpreußen,152,NOWE,NEUENBERG IN WESTPREUSSEN
Nowe,Nowe,Świecie,Kuyavian-Pomeranian Voivodeship,Neuenberg (Weichsel)[q],152,NOWE,NEUENBERG (WEICHSEL)
"Nowe Biskupice, Lubusz Voivodeship",Słubice,Słubice,Lubusz Voivodeship,Neu Bischofsee,152,NOWE BISKUPICE,NEU BISCHOFSEE
Nowe Miasteczko,Nowe Miasteczko,Nowa Sól,Lubusz Voivodeship,Neu Städtel,152,NOWE MIASTECZKO,NEU
Nowe Warpno,Nowe Warpno,Police,West Pomeranian Voivodeship,Neuwarp,152,NOWE WARPNO,NEUWARP
Nowogard,Nowogard,Goleniów,West Pomeranian Voivodeship,Naugard,152,NOWOGARD,NAUGARD
Nowogród Bobrzański,Nowogród Bobrzański,Zielona Góra,Lubusz Voivodeship,Naumburg am Bober,152,NOWOGROD BOBRZANSKI,NAUMBURG AM BOBER
Nowy Dwór Gdański,Nowy Dwór Gdański,Nowy Dwór Gdański,Pomeranian Voivodeship,Tiegenhof,152,NOWY DWOR GDANSKI,TIEGENHOF
Nowy Kisielin,,Zielona Góra,Lubusz Voivodeship,Deutsch Kessel,152,NOWY KISIELIN,DEUTSCH KESSEL
Nowy Lubusz,Słubice,Słubice,Lubusz Voivodeship,Neu Lebus,152,NOWY LUBUSZ,NEU LEBUS
Nowy Staw,Nowy Staw,Malbork,Pomeranian Voivodeship,Neuteich,152,NOWY STAW,NEUTEICH
Nowy Tomyśl,Nowy Tomyśl,Nowy Tomyśl,Greater Poland Voivodeship,Neutomischel,152,NOWY TOMYSL,NEUTOMISCHEL
"Nysa, Poland",Nysa,Nysa,Opole Voivodeship,Neiße,152,NYSA,NEISSE
Obłotne,Sulechów,Zielona Góra,Lubusz Voivodeship,Oblath,152,OBLOTNE,OBLATH
"Ochla, Greater Poland Voivodeship",Pogorzela,Gostyń,Greater Poland Voivodeship,Ochelhermsdorf,152,OCHLA,OCHELHERMSDORF
Odolanów,Odolanów,Ostrów Wielkopolski,Greater Poland Voivodeship,Adelnau,152,ODOLANOW,ADELNAU
Okonek,Okonek,Złotów,Greater Poland Voivodeship,Ratzebuhr,152,OKONEK,RATZEBUHR
Oława,,Oława,Lower Silesian Voivodeship,Ohlau,152,OLAWA,OHLAU
Olecko,Olecko,Olecko,Warmian-Masurian Voivodeship,Marggrabowa,152,OLECKO,MARGGRABOWA
Olecko,Olecko,Olecko,Warmian-Masurian Voivodeship,Treuberg[u],152,OLECKO,TREUBERG
Oleśnica,,Oleśnica,Lower Silesian Voivodeship,Öls,152,OLESNICA,OLS
Olesno,Olesno,Olesno,Opole Voivodeship,Rosenberg,152,OLESNO,ROSENBERG
Olsztyn,,,Warmian-Masurian Voivodeship,Allenstein[g],152,OLSZTYN,ALLENSTEIN
Olszyna,Olszyna,Lubań,Lower Silesian Voivodeship,Erlenholz,152,OLSZYNA,ERLENHOLZ
Opole,,,Opole Voivodeship,Oppeln,152,OPOLE,OPPELN
Orneta,Orneta,Lidzbark,Warmian-Masurian Voivodeship,Wormditt,152,ORNETA,WORMDITT
Orzesze,,Mikołów,Silesian Voivodeship,Orzesche,152,ORZESZE,ORZESCHE
Ośno Lubuskie,Ośno Lubuskie,Słubice,Lubusz Voivodeship,Drossen,152,OSNO LUBUSKIE,DROSSEN
Osogóra,Świebodzin,Świebodzin,Lubusz Voivodeship,Friedrichstabor,152,OSOGORA,FRIEDRICHSTABOR
Osowa Sień,Wschowa,Wschowa,Lubusz Voivodeship,Röhrsdorf,152,OSOWA SIEN,ROHRSDORF
Ostróda,,Ostróda,Warmian-Masurian Voivodeship,Hohenstein,152,OSTRODA,HOHENSTEIN
Ostrów Wielkopolski,,Ostrów Wielkopolski,Greater Poland Voivodeship,Ostrow,152,OSTROW WIELKOPOLSKI,OSTROW
Oświęcim,Oświęcim,Oświęcim,Lesser Poland Voivodeship,Auschwitz,152,OSWIECIM,AUSCHWITZ
Ozimek,Ozimek,Opole,Opole Voivodeship,Malapane,152,OZIMEK,MALAPANE
Pasłęk,Pasłęk,Elbląg,Warmian-Masurian Voivodeship,Preussisch Holland,152,PASLEK,PREUSSISCH HOLLAND
Pełczyce,Pełczyce,Choszczno,West Pomeranian Voivodeship,Bernstein,152,PELCZYCE,BERNSTEIN
Pelplin,Pelplin,Tczew,Pomeranian Voivodeship,Pelplin,152,PELPLIN,PELPLIN
Pęzino,Stargard,Stargard,West Pomeranian Voivodeship,Pansin,152,PEZINO,PANSIN
Piekary Śląskie,,,Silesian Voivodeship,Deutsch Piekar,152,PIEKARY SLASKIE,DEUTSCH PIEKAR
Pieniężno,Pieniężno,Braniewo,Warmian-Masurian Voivodeship,Mehlsack,152,PIENIEZNO,MEHLSACK
Pieszyce,Pieszyce,Dzierżoniów,Lower Silesian Voivodeship,Peterswaldau,152,PIESZYCE,PETERSWALDAU
Piła,,Piła County,Greater Poland Voivodeship,Schneidemühl,152,PILA,SCHNEIDEMUHL
Piotrków Trybunalski,,,Łódź Voivodeship,Petrikau,152,PIOTRKOW TRYBUNALSKI,PETRIKAU
Pisz,Pisz,Pisz,Warmian-Masurian Voivodeship,Johannisberg,152,PISZ,JOHANNISBERG
"Płoty, Lubusz Voivodeship",Czerwieńsk,Zielona Góra,Lubusz Voivodeship,Plothow,152,PLOTY,PLOTHOW
Płoty,Płoty,Gryfice,West Pomeranian Voivodeship,Plathe an der Rega,152,PLOTY,PLATHE AN DER REGA
"Pniów, West Pomeranian Voivodeship",Myślibórz,Myślibórz,West Pomeranian Voivodeship,Pinnow,152,PNIOW,PINNOW
"Poczernin, West Pomeranian Voivodeship",Stargard,Stargard,West Pomeranian Voivodeship,Pützerlin,152,POCZERNIN,PUTZERLIN
Podmokle Małe,Babimost,Zielona Góra,Lubusz Voivodeship,Klein Posemuckel,152,PODMOKLE MALE,KLEIN POSEMUCKEL
Podmokle Wielkie,Babimost,Zielona Góra,Lubusz Voivodeship,Groß Posemuckel,152,PODMOKLE WIELKIE,GROSS POSEMUCKEL
Polanów,Polanów,Koszalin,West Pomeranian Voivodeship,Pollnow,152,POLANOW,POLLNOW
Połczyn-Zdrój,Połczyn-Zdrój,Świdwin,West Pomeranian Voivodeship,Bad Polzin,152,POLCZYN-ZDROJ,BAD POLZIN
"Police, West Pomeranian Voivodeship",Police,Police,West Pomeranian Voivodeship,Pölitz,152,POLICE,POLITZ
Polkowice,Polkowice,Polkowice,Lower Silesian Voivodeship,Heerwegen[v],152,POLKOWICE,HEERWEGEN
Polkowice,Polkowice,Polkowice,Lower Silesian Voivodeship,Polkowitz,152,POLKOWICE,POLKOWITZ
Poznań,,,Greater Poland Voivodeship,Posen,152,POZNAN,POSEN
"Pozorty, Iława County",Zalewo,Iława,Warmian-Masurian Voivodeship,Posorten[k],152,POZORTY,POSORTEN
Prabuty,Prabuty,Kwidzyn,Pomeranian Voivodeship,Riesenberg[g],152,PRABUTY,RIESENBERG
Prószków,Prószków,Opole,Opole Voivodeship,Proskau,152,PROSZKOW,PROSKAU
"Proszów, Lubusz Voivodeship",Brody,Żary,Lubusz Voivodeship,Drahthammer,152,PROSZOW,DRAHTHAMMER
Prudnik,Prudnik,Prudnik,Opole Voivodeship,Neustadt,152,PRUDNIK,NEUSTADT
"Pruszcz, Świecie County",Pruszcz,Świecie,Kuyavian-Pomeranian Voivodeship,Prust,152,PRUSZCZ,PRUST
Pruszcz Gdański,,Gdańsk,Pomeranian Voivodeship,Praust,152,PRUSZCZ GDANSKI,PRAUST
Przemków,Przemków,Polkowice,Lower Silesian Voivodeship,Primkenau,152,PRZEMKOW,PRIMKENAU
Przybiernów,Przybiernów,Goleniów,West Pomeranian Voivodeship,Pribbernow,152,PRZYBIERNOW,PRIBBERNOW
Przygodzice,Przygodzice,Ostrów Wielkopolski,Greater Poland Voivodeship,Groß Pschygodschitz,152,PRZYGODZICE,GROSS PSCHYGODSCHITZ
Przygodzice,Przygodzice,Ostrów Wielkopolski,Greater Poland Voivodeship,Hirschteich[e],152,PRZYGODZICE,HIRSCHTEICH
Pszczyna,Pszczyna,Pszczyna,Silesian Voivodeship,Pleß,152,PSZCZYNA,PLESS
Pyrzany,Witnica,Gorzów,Lubusz Voivodeship,Pyrehne,152,PYRZANY,PYREHNE
Pyrzyce,Pyrzyce,Pyrzyce,West Pomeranian Voivodeship,Pyritz,152,PYRZYCE,PYRITZ
Rybnik,,,Silesian Voivodeship,Rübnick,152,RYBNIK,RUBNICK
Rąbino,Rąbino,Świdwin,West Pomeranian Voivodeship,Groß Rambin,152,RABINO,GROSS RAMBIN
Racibórz,,Racibórz,Silesian Voivodeship,Ratibor,152,RACIBORZ,RATIBOR
Racula,,Zielona Góra,Lubusz Voivodeship,Larenwalde,152,RACULA,LARENWALDE
Racula,,Zielona Góra,Lubusz Voivodeship,Lawaldau,152,RACULA,LAWALDAU
Radziejów,,Radziejów,Kuyavian-Pomeranian Voivodeship,Rädichau,152,RADZIEJOW,RADICHAU
Radzyń Chełmiński,Radzyń Chełmiński,Grudziądz,Kuyavian-Pomeranian Voivodeship,Rehden,152,RADZYN CHELMINSKI,REHDEN
Rąpice,Cybinka,Słubice,Lubusz Voivodeship,Rampitz,152,RAPICE,RAMPITZ
Recz,Recz,Choszczno,West Pomeranian Voivodeship,Reetz,152,RECZ,REETZ
Redykajny,Dywity,Olsztyn,Warmian-Masurian Voivodeship,Redigkainen[k],152,REDYKAJNY,REDIGKAINEN
Resko,Resko,Łobez,West Pomeranian Voivodeship,Regenwalde,152,RESKO,REGENWALDE
Reszel,Reszel,Kętrzyn,Warmian-Masurian Voivodeship,Rößel,152,RESZEL,ROSSEL
"Rogoźnica, Lower Silesian Voivodeship",Strzegom,Świdnica,Lower Silesian Voivodeship,Groß Rosen,152,ROGOZNICA,GROSS ROSEN
"Rosin, Poland",Świebodzin,Świebodzin,Lubusz Voivodeship,Rissen,152,ROSIN,RISSEN
"Rozłogi, Lubusz Voivodeship",,,,Friedrichswerder,152,ROZLOGI,FRIEDRICHSWERDER
Ruda Śląska,,,Silesian Voivodeship,Ruda,152,RUDA SLASKA,RUDA
Rudgerzowice,Świebodzin,Świebodzin,Lubusz Voivodeship,Riegersdorf,152,RUDGERZOWICE,RIEGERSDORF
"Rusinów, Lubusz Voivodeship",Świebodzin,Świebodzin,Lubusz Voivodeship,Rinnersdorf,152,RUSINOW,RINNERSDORF
"Rychlik, Lubusz Voivodeship",Sulęcin,Sulęcin,Lubusz Voivodeship,Reichen,152,RYCHLIK,REICHEN
Rydzynka,Okonek,Złotów,Greater Poland Voivodeship,Krügershof,152,RYDZYNKA,KRUGERSHOF
Ryn,Ryn,Giżycko,Warmian-Masurian Voivodeship,Rhein,152,RYN,RHEIN
"Rzeczyca, Polkowice County",Grębocice,Polkowice,Lower Silesian Voivodeship,Rietschütz,152,RZECZYCA,RIETSCHUTZ
Rzepin,Rzepin,Słubice,Lubusz Voivodeship,Reppen,152,RZEPIN,REPPEN
"Sarbinowo, Gmina Dębno",Dębno,Myślibórz,West Pomeranian Voivodeship,Zorndorf,152,SARBINOWO,ZORNDORF
Sępólno Krajeńskie,Sępólno Krajeńskie,Sępólno,Kuyavian-Pomeranian Voivodeship,Zempelburg,152,SEPOLNO KRAJENSKIE,ZEMPELBURG
Sępopol,Sępopol,Bartoszyce,Warmian-Masurian Voivodeship,Schippenbeil[g],152,SEPOPOL,SCHIPPENBEIL
Siemianowice Śląskie,,,Silesian Voivodeship,Laurahütte,152,SIEMIANOWICE SLASKIE,LAURAHUTTE
"Siemiradz, Lubusz Voivodeship",Trzebiel,Żary,Lubusz Voivodeship,Neudorf,152,SIEMIRADZ,NEUDORF
Sianów,Sianów,Koszalin,West Pomeranian Voivodeship,Zanow,152,SIANOW,ZANOW
"Siekierki, West Pomeranian Voivodeship",Cedynia,Gryfino,West Pomeranian Voivodeship,Zäckerick,152,SIEKIERKI,ZACKERICK
"Skalin, Gryfice County",Gryfice,Gryfice,West Pomeranian Voivodeship,Schellin,152,SKALIN,SCHELLIN
Skórcz,,Starogard,Pomeranian Voivodeship,Skurz,152,SKORCZ,SKURZ
Skórcz,,Starogard,Pomeranian Voivodeship,Großwollental[q],152,SKORCZ,GROSSWOLLENTAL
Skrzynica,Skwierzyna,Międzyrzecz,Lubusz Voivodeship,Krinitza,152,SKRZYNICA,KRINITZA
Skwierzyna,Skwierzyna,Międzyrzecz,Lubusz Voivodeship,Schwerin an der Warthe,152,SKWIERZYNA,SCHWERIN AN DER WARTHE
Sława,Sława,Wschowa,Lubusz Voivodeship,Schlawa,152,SLAWA,SCHLAWA
Sława,Sława,Wschowa,Lubusz Voivodeship,Schlesiersee,152,SLAWA,SCHLESIERSEE
Sławno,,Sławno,West Pomeranian Voivodeship,Schlawe,152,SLAWNO,SCHLAWE
Słońsk,Słońsk,Sulęcin,Lubusz Voivodeship,Sonnenburg,152,SLONSK,SONNENBURG
Słubice,Słubice,Słubice,Lubusz Voivodeship,Dammvorstadt,152,SLUBICE,DAMMVORSTADT
Słupsk,,,Pomeranian Voivodeship,Stolp,152,SLUPSK,STOLP
Smogóry,Ośno Lubuskie,Słubice,Lubusz Voivodeship,Schmagorei,152,SMOGORY,SCHMAGOREI
Sobótka,Sobótka,Wrocław,Lower Silesian Voivodeship,Zobten,152,SOBOTKA,ZOBTEN
"Sokołów, Lubusz Voivodeship",Kożuchów,Nowa Sól,Lubusz Voivodeship,Zöcklau,152,SOKOLOW,ZOCKLAU
Solec Kujawski,Solec Kujawski,Bydgoszcz,Kuyavian-Pomeranian Voivodeship,Schulitz,152,SOLEC KUJAWSKI,SCHULITZ
"Solniki, Lubusz Voivodeship",Kożuchów,Nowa Sól,Lubusz Voivodeship,Zölling,152,SOLNIKI,ZOLLING
"Sowno, Stargard County",Stargard,Stargard,West Pomeranian Voivodeship,Hinzendorf,152,SOWNO,HINZENDORF
Stara Rudnica,Cedynia,Gryfino,West Pomeranian Voivodeship,Alt Rüdnitz,152,STARA RUDNICA,ALT RUDNITZ
"Stare Biskupice, Lubusz Voivodeship",Słubice,Słubice,Lubusz Voivodeship,Alt Bischofsee,152,STARE BISKUPICE,ALT BISCHOFSEE
Stare Osieczno,Dobiegniew,Strzelce-Drezdenko,Lubusz Voivodeship,Hochzeit,152,STARE OSIECZNO,HOCHZEIT
Stargard,,Stargard,West Pomeranian Voivodeship,Stargard in Pommern,152,STARGARD,STARGARD IN POMMERN
Starogard Gdański,,Starogard,Pomeranian Voivodeship,Preußisch Stargard,152,STAROGARD GDANSKI,PREUSSISCH STARGARD
"Starościn, Lubusz Voivodeship",Rzepin,Słubice,Lubusz Voivodeship,Friedrichswille,152,STAROSCIN,FRIEDRICHSWILLE
Starosiedle,Gubin,Krosno Odrzańskie,Lubusz Voivodeship,Starzeddel,152,STAROSIEDLE,STARZEDDEL
Stary Błeszyn,Mieszkowice,Gryfino,West Pomeranian Voivodeship,Alt-Blessin,152,STARY BLESZYN,ALT-BLESSIN
Stary Kostrzynek,Cedynia,Gryfino,West Pomeranian Voivodeship,Altküstrinchen,152,STARY KOSTRZYNEK,ALTKUSTRINCHEN
Stegna,Stegna,Nowy Dwór Gdański,Pomeranian Voivodeship,Steegen,152,STEGNA,STEEGEN
Stegna,Stegna,Nowy Dwór Gdański,Pomeranian Voivodeship,Steegen-Kobbelgrube,152,STEGNA,STEEGEN-KOBBELGRUBE
Strzegom,Strzegom,Świdnica,Lower Silesian Voivodeship,Striegau,152,STRZEGOM,STRIEGAU
Strzelce Krajeńskie,Strzelce Krajeńskie,Strzelce-Drezdenko,Lubusz Voivodeship,Friedeberg,152,STRZELCE KRAJENSKIE,FRIEDEBERG
Strzelce Opolskie,Strzelce Opolskie,Strzelce,Opole Voivodeship,Groß Strehlitz,152,STRZELCE OPOLSKIE,GROSS STREHLITZ
Strzelin,Strzelin,Strzelin,Lower Silesian Voivodeship,Strehlen,152,STRZELIN,STREHLEN
Strzeszowice,Trzebiel,Żary,Lubusz Voivodeship,(Tz)schaksdorf,152,STRZESZOWICE,(TZ)SCHAKSDORF
Strzyżno,Stargard,Stargard,West Pomeranian Voivodeship,Streesen,152,STRZYZNO,STREESEN
Suchań,Suchań,Stargard,West Pomeranian Voivodeship,Zachan,152,SUCHAN,ZACHAN
"Suchodół, Lubusz Voivodeship",Brody,Żary,Lubusz Voivodeship,Zauchel,152,SUCHODOL,ZAUCHEL
"Sudoł, Lubusz Voivodeship",,,,Seedorf,152,SUDOL,SEEDORF
Sulechów,Sulechów,Zielona Góra,,Züllichau,152,SULECHOW,ZULLICHAU
Sulęcin,Sulęcin,Sulęcin,Lubusz Voivodeship,Zielenzig,152,SULECIN,ZIELENZIG
Susz,Susz,Iława,Warmian-Masurian Voivodeship,Rosenberg in Westpreußen,152,SUSZ,ROSENBERG IN WESTPREUSSEN
"Świdnica, Lubusz Voivodeship",Świdnica,Zielona Góra,Lubusz Voivodeship,Schweinitz,152,SWIDNICA,SCHWEINITZ
Świdnica,,Świdnica,Lower Silesian Voivodeship,Schweidnitz,152,SWIDNICA,SCHWEIDNITZ
Świdwin,,Świdwin,West Pomeranian Voivodeship,Schivelbein,152,SWIDWIN,SCHIVELBEIN
Świebodów,Krośnice,Milicz,Lower Silesian Voivodeship,Schwiebedawe,152,SWIEBODOW,SCHWIEBEDAWE
Świebodów,Krośnice,Milicz,Lower Silesian Voivodeship,Frankenberg[w],152,SWIEBODOW,FRANKENBERG
Świebodzice,,Świdnica,Lower Silesian Voivodeship,Freiburg in Schlesien,152,SWIEBODZICE,FREIBURG IN SCHLESIEN
Świebodzin,Świebodzin,Świebodzin,Lubusz Voivodeship,Schwiebus,152,SWIEBODZIN,SCHWIEBUS
Świecie,Świecie,Świecie,Kuyavian-Pomeranian Voivodeship,Schwetz,152,SWIECIE,SCHWETZ
"Święte, West Pomeranian Voivodeship",Stargard,Stargard,West Pomeranian Voivodeship,Schwendt,152,SWIETE,SCHWENDT
Świętochłowice,,,Silesian Voivodeship,Schwientochlowitz,152,SWIETOCHLOWICE,SCHWIENTOCHLOWITZ
"Święty Wojciech, Lubusz Voivodeship",,,,Georgsdorf,152,SWIETY WOJCIECH,GEORGSDORF
Świnoujście,,,West Pomeranian Voivodeship,Swinemünde,152,SWINOUJSCIE,SWINEMUNDE
Szadzko,Dobrzany,Stargard,West Pomeranian Voivodeship,Saatzig,152,SZADZKO,SAATZIG
Szalejów Dolny,Kłodzko,Kłodzko,Lower Silesian Voivodeship,Niederschwedeldorf,152,SZALEJOW DOLNY,NIEDERSCHWEDELDORF
Szczecin,,,West Pomeranian Voivodeship,Stettin,152,SZCZECIN,STETTIN
Szczecinek,,Szczecinek,West Pomeranian Voivodeship,Neustettin,152,SZCZECINEK,NEUSTETTIN
Szczytno,,Szczytno,Warmian-Masurian Voivodeship,Ortelsberg,152,SZCZYTNO,ORTELSBERG
Szkotowo,Kozłowo,Nidzica,Warmian-Masurian Voivodeship,Schottau,152,SZKOTOWO,SCHOTTAU
Szlichtyngowa,Szlichtyngowa,Wschowa,Lubusz Voivodeship,Schlichtingsheim,152,SZLICHTYNGOWA,SCHLICHTINGSHEIM
Szprotawa,Szprotawa,Żagań,Lubusz Voivodeship,Sprottau,152,SZPROTAWA,SPROTTAU
Sztum,Sztum,Sztum,Pomeranian Voivodeship,Stuhm,152,SZTUM,STUHM
Sztutowo,Sztutowo,Nowy Dwór Gdański,Pomeranian Voivodship,Stutthof,152,SZTUTOWO,STUTTHOF
"Szumiąca, Lubusz Voivodeship",Międzyrzecz,Międzyrzecz,Lubusz Voivodeship,Schindelmüehl,152,SZUMIACA,SCHINDELMUEHL
Szydłów,Szydłów,Staszów,Świętokrzyskie Voivodeship,Schidelo,152,SZYDLOW,SCHIDELO
Tarnowskie Góry,,Tarnowskie Góry,Silesian Voivodeship,Tarnowitz,152,TARNOWSKIE GORY,TARNOWITZ
Tczew,,Tczew,Pomeranian Voivodeship,Dirschau,152,TCZEW,DIRSCHAU
Tomaszkowo,Stawiguda,Olsztyn,Warmian-Masurian Voivodeship,Thomsdorf,152,TOMASZKOWO,THOMSDORF
Toruń,,,Kuyavian-Pomeranian Voivodeship,Thorn,152,TORUN,THORN
Torzym,Torzym,Sulęcin,Lubusz Voivodeship,Sternberg in der Neumark,152,TORZYM,STERNBERG IN DER NEUMARK
Trąbki Wielkie,Trąbki Wielkie,Gdańsk,Pomeranian Voivodeship,Groß Trampken,152,TRABKI WIELKIE,GROSS TRAMPKEN
Trzciel,Trzciel,Międzyrzecz,Lubusz Voivodeship,Tirschtiegel,152,TRZCIEL,TIRSCHTIEGEL
Trzcińsko-Zdrój,Trzcińsko-Zdrój,Gryfino,West Pomeranian Voivodeship,Bad Schönfließ,152,TRZCINSKO-ZDROJ,BAD SCHONFLIESS
Trzebiatów,Trzebiatów,Gryfice,West Pomeranian Voivodeship,Treptow (an der Rega),152,TRZEBIATOW,TREPTOW (AN DER REGA)
Trzebiel,Trzebiel,Żary,Lubusz Voivodeship,Triebel,152,TRZEBIEL,TRIEBEL
Tuchola,Tuchola,Tuchola,Kuyavian-Pomeranian Voivodeship,Tuchel,152,TUCHOLA,TUCHEL
Tuczno,Tuczno,Wałcz,West Pomeranian Voivodeship,Tütz,152,TUCZNO,TUTZ
Tuławki,Dywity,Olsztyn,Warmian-Masurian Voivodeship,Tollack,152,TULAWKI,TOLLACK
Tumiany,Barczewo,Olsztyn,Warmian-Masurian Voivodeship,Daumen,152,TUMIANY,DAUMEN
Tychowo,Tychowo,Białogard,West Pomeranian Voivodeship,Groß Tychow,152,TYCHOWO,GROSS TYCHOW
Tychy,,,Silesian Voivodeship,Tichau,152,TYCHY,TICHAU
Tyczewo,Tychowo,Białogard,West Pomeranian Voivodeship,Tietzow,152,TYCZEWO,TIETZOW
Tylewice,Wschowa,Wschowa,Lubusz Voivodeship,Tillendorf,152,TYLEWICE,TILLENDORF
"Ujazd, Opole Voivodeship",Ujazd,Strzelce,Opole Voivodeship,Ujest,152,UJAZD,UJEST
"Ujazd, Opole Voivodeship",Ujazd,Strzelce,Opole Voivodeship,Bischofstal[o],152,UJAZD,BISCHOFSTAL
Ujście,Ujście,Piła,Greater Poland Voivodeship,Usch,152,UJSCIE,USCH
Ulikowo,Stargard,Stargard,West Pomeranian Voivodeship,Wulkow,152,ULIKOWO,WULKOW
Unieszewo,Gietrzwałd,Olsztyn,Warmian-Masurian Voivodeship,Schonefeld,152,UNIESZEWO,SCHONEFELD
"Unisław, Kuyavian-Pomeranian Voivodeship",Unisław,Chełmno,Kuyavian-Pomeranian Voivodeship,Unislaw,152,UNISLAW,UNISLAW
"Unisław, Kuyavian-Pomeranian Voivodeship",Unisław,Chełmno,Kuyavian-Pomeranian Voivodeship,Kulmischwenzlau[q],152,UNISLAW,KULMISCHWENZLAU
"Urad, Poland",Cybinka,Słubice,Lubusz Voivodeship,Aurith,152,URAD,AURITH
Ustronie Morskie,Ustronie Morskie,Kołobrzeg,West Pomeranian Voivodeship,(Ostseebad) Henkenhagen,152,USTRONIE MORSKIE,(OSTSEEBAD) HENKENHAGEN
Wadąg,Dywity,Olsztyn,Warmian-Masurian Voivodeship,Wadang[k],152,WADAG,WADANG
Wałbrzych,,,Lower Silesian Voivodeship,Waldenburg,152,WALBRZYCH,WALDENBURG
Wałcz,,Wałcz,West Pomeranian Voivodeship,Deutsch Krone,152,WALCZ,DEUTSCH KRONE
"Warkały, Olsztyn County",Jonkowo,Olsztyn,Warmian-Masurian Voivodeship,Warkallen,152,WARKALY,WARKALLEN
Warsaw,,,Masovian Voivodeship,Warschau,152,WARSAW,WARSCHAU
Wędrzyn,Sulęcin,Sulęcin,Lubusz Voivodeship,Wandern,152,WEDRZYN,WANDERN
Węgajty,Jonkowo,Olsztyn,Warmian-Masurian Voivodeship,Wengaithen,152,WEGAJTY,WENGAITHEN
Węgorzewo,Węgorzewo,Węgorzewo,Warmian-Masurian Voivodeship,Angerburg,152,WEGORZEWO,ANGERBURG
Węgorzyno,Węgorzyno,Łobez,West Pomeranian Voivodeship,Wangerin,152,WEGORZYNO,WANGERIN
Wiązów,Wiązów,Strzelin,Lower Silesian Voivodeship,Wansen,152,WIAZOW,WANSEN
"Widuchowa, West Pomeranian Voivodeship",Widuchowa,Gryfino,West Pomeranian Voivodeship,Fiddichow,152,WIDUCHOWA,FIDDICHOW
Więcbork,Więcbork,Sępólno,Kuyavian-Pomeranian Voivodeship,Vandsburg,152,WIECBORK,VANDSBURG
Wiejce,Skwierzyna,Międzyrzecz,Lubusz Voivodeship,Waitze,152,WIEJCE,WAITZE
Wieluń,,,Łódź Voivodeship,Welun,152,WIELUN,WELUN
"Wierzbięcin, Lubusz Voivodeship",Trzebiel,Żary,Lubusz Voivodeship,Kochsdorf,152,WIERZBIECIN,KOCHSDORF
"Wierzbnica, Lubusz Voivodeship",Bytom Odrzański,Nowa Sól,Lubusz Voivodeship,Dreidorf,152,WIERZBNICA,DREIDORF
"Wierzbnica, Lubusz Voivodeship",Bytom Odrzański,Nowa Sól,Lubusz Voivodeship,Würbitz,152,WIERZBNICA,WURBITZ
"Wierzchno, Lubusz Voivodeship",Brody,Żary,Lubusz Voivodeship,Wirchenblatt,152,WIERZCHNO,WIRCHENBLATT
Włocławek,,,Kuyavian-Pomeranian Voivodeship,Leslau,152,WLOCLAWEK,LESLAU
"Włodowice, Silesian Voivodeship",Włodowice,Zawiercie,Silesian Voivodeship,Waldowitz,152,WLODOWICE,WALDOWITZ
Wipsowo,Barczewo,Olsztyn,Warmian-Masurian Voivodeship,Wieps,152,WIPSOWO,WIEPS
Wisełka,Wolin,Kamień,West Pomeranian Voivodeship,Neuendorf,152,WISELKA,NEUENDORF
Witnica,Witnica,Gorzów,Lubusz Voivodeship,Vietz,152,WITNICA,VIETZ
"Witosław, Lubusz Voivodeship",Świebodzin,Świebodzin,Lubusz Voivodeship,Wittig,152,WITOSLAW,WITTIG
Witkowo II,Stargard,Stargard,West Pomeranian Voivodeship,Wittichow bei Stargard,152,WITKOWO II,WITTICHOW BEI STARGARD
Wityń,Świebodzin,Świebodzin,Lubusz Voivodeship,Witten,152,WITYN,WITTEN
"Włostowice, Lubusz Voivodeship",Trzebiel,Żary,Lubusz Voivodeship,Roßnitz,152,WLOSTOWICE,ROSSNITZ
"Wojnowo, Lubusz Voivodeship",Kargowa,Zielona Góra,Lubusz Voivodeship,Reckenwalde,152,WOJNOWO,RECKENWALDE
"Wójtowo, Gmina Barczewo",Barczewo,Olsztyn,Warmian-Masurian Voivodeship,Fittigsdorf,152,WOJTOWO,FITTIGSDORF
Wolin,,,,Wollin,152,WOLIN,WOLLIN
Wolsztyn,Wolsztyn,Wolsztyn,Greater Poland Voivodeship,Wollstein,152,WOLSZTYN,WOLLSTEIN
Woryty,Gietrzwałd,Olsztyn,Warmian-Masurian Voivodeship,Woritten,152,WORYTY,WORITTEN
Wrocław,,,Lower Silesian Voivodeship,Breslau,152,WROCLAW,BRESLAU
Września,Września,Września,Greater Poland Voivodeship,Wreschen,152,WRZESNIA,WRESCHEN
Wschowa,Wschowa,Wschowa,Lubusz Voivodeship,Freustadt,152,WSCHOWA,FREUSTADT
Wyrzysk,Wyrzysk,Piła,Greater Poland Voivodeship,Wirsitz,152,WYRZYSK,WIRSITZ
Wysoka,Wysoka,Piła,Greater Poland Voivodeship,Wissek,152,WYSOKA,WISSEK
"Wysoka, Międzyrzecz County",Międzyrzecz,Międzyrzecz,Lubusz Voivodeship,Hochwalde,152,WYSOKA,HOCHWALDE
Wyszanowo,Międzyrzecz,Międzyrzecz,Lubusz Voivodeship,Wischen,152,WYSZANOWO,WISCHEN
Ząbkowice Śląskie,Ząbkowice Śląskie,Ząbkowice Śląskie,Lower Silesian Voivodeship,Frankenstein in Schleisen,152,ZABKOWICE SLASKIE,FRANKENSTEIN IN SCHLEISEN
Zabrze,,,Silesian Voivodeship,Hindenburg,152,ZABRZE,HINDENBURG
Żagań,,Żagań,Lubusz Voivodeship,Sagan,152,ZAGAN,SAGAN
Zalbki,Dywity,Olsztyn,Warmian-Masurian Voivodeship,Salbkeim,152,ZALBKI,SALBKEIM
Zalewo,Zalewo,Iława,Warmian-Masurian Voivodeship,Saalfeld,152,ZALEWO,SAALFELD
Żarki Wielkie,Trzebiel,Żary,Lubusz Voivodeship,Groß Särchen,152,ZARKI WIELKIE,GROSS SARCHEN
"Żarowo, West Pomeranian Voivodeship",Stargard,Stargard,West Pomeranian Voivodeship,Saarow,152,ZAROWO,SAAROW
Żary,,Żary,Lubusz Voivodeship,Sorau,152,ZARY,SORAU
Zasieki,Brody,Żary,Lubusz Voivodeship,Forst-Berge,152,ZASIEKI,FORST-BERGE
Zatonie,Gmina Zielona Góra,Zielona Góra County,Lubusz Voivodeship,Günthersdorf,152,ZATONIE,GUNTHERSDORF
Zawadzkie,Zawadzkie,Strzelce,Opole Voivodeship,Zawadzki,152,ZAWADZKIE,ZAWADZKI
Zawadzkie,Zawadzkie,Strzelce,Opole Voivodeship,Andreashütte[o],152,ZAWADZKIE,ANDREASHUTTE
Zbąszynek,Zbąszynek,Świebodzin,Lubusz Voivodeship,Neu Bentschen,152,ZBASZYNEK,NEU BENTSCHEN
Zduńska Wola,,Zduńska Wola,Łódź Voivodeship,Freihaus[e],152,ZDUNSKA WOLA,FREIHAUS
Zduny,Zduny,Krotoszyn,Greater Poland Voivodeship,Treustädt[e],152,ZDUNY,TREUSTADT
Zdzieszowice,Zdzieszowice,Krapkowice,Opole Voivodeship,Deschowitz,152,ZDZIESZOWICE,DESCHOWITZ
Zdzieszowice,Zdzieszowice,Krapkowice,Opole Voivodeship,Odertal in Oberschlesien[o],152,ZDZIESZOWICE,ODERTAL IN OBERSCHLESIEN
Zielona Góra,,,Lubusz Voivodeship,Grünberg in Schlesien,152,ZIELONA GORA,GRUNBERG IN SCHLESIEN
Złocieniec,Złocieniec,Drawsko,West Pomeranian Voivodeship,Falkenburg,152,ZLOCIENIEC,FALKENBURG
Złotnik,Żary,Żary,Lubusz Voivodeship,Reinswalde,152,ZLOTNIK,REINSWALDE
Złotoryja,,Złotoryja,Lower Silesian Voivodeship,Goldberg,152,ZLOTORYJA,GOLDBERG
Złotów,,Złotów,Greater Poland Voivodeship,Flatow,152,ZLOTOW,FLATOW
Żmigród,Żmigród,Trzebnica,Lower Silesian Voivodeship,Trachenberg,152,ZMIGROD,TRACHENBERG
"Żółwin, Międzyrzecz County",Międzyrzecz,Międzyrzecz,Lubusz Voivodeship,Solben,152,ZOLWIN,SOLBEN
Żory,,,Silesian Voivodeship,Sohrau,152,ZORY,SOHRAU
Żubrów,Sulęcin,Sulęcin,Lubusz Voivodeship,Herzogswalde,152,ZUBROW,HERZOGSWALDE
"Żydowo, Lubusz Voivodeship",Trzciel,Międzyrzecz,Lubusz Voivodeship,Elisenfelde,152,ZYDOWO,ELISENFELDE
Żytni Młyn,Brody,Żary,Lubusz Voivodeship,Heideschäfer,152,ZYTNI MLYN,HEIDESCHAFER
